{"kiwiIDF": 0.32192809488736235, "bananaIDF": 0.0, "coconutIDF": 0.32192809488736235, "apricotIDF": 0.0, "appleIDF": 0.32192809488736235, "limeIDF": 0.32192809488736235, "peachIDF": 0.5145731728297582, "pearIDF": 0.7369655941662062, "cherryIDF": 0.5145731728297582, "papayaIDF": 0.5145731728297582, "blueberryIDF": 0.32192809488736235, "figIDF": 0.7369655941662062, "orangeIDF": 0.32192809488736235}