{"appleIDF": 0.32192809488736235, "figIDF": 0.7369655941662062, "limeIDF": 0.32192809488736235, "peachIDF": 0.5145731728297582, "orangeIDF": 0.32192809488736235, "blueberryIDF": 0.32192809488736235, "apricotIDF": 0.0, "pearIDF": 0.7369655941662062, "bananaIDF": 0.0, "kiwiIDF": 0.32192809488736235, "coconutIDF": 0.32192809488736235, "cherryIDF": 0.5145731728297582, "papayaIDF": 0.5145731728297582}