{"kiwiTF": 0.08695652173913043, "bananaTF": 0.21739130434782608, "coconutTF": 0.13043478260869565, "apricotTF": 0.043478260869565216, "appleTF": 0.17391304347826086, "limeTF": 0.08695652173913043, "peachTF": 0.043478260869565216, "pearTF": 0.043478260869565216, "cherryTF": 0.043478260869565216, "papayaTF": 0.043478260869565216, "blueberryTF": 0.043478260869565216, "figTF": 0.043478260869565216}