{"kiwiTF": 0.08695652173913043, "bananaTF": 0.21739130434782608, "coconutTF": 0.13043478260869565, "apricotTF": 0.043478260869565216, "appleTF": 0.17391304347826086, "limeTF": 0.08695652173913043, "peachTF": 0.043478260869565216, "pearTF": 0.043478260869565216, "cherryTF": 0.043478260869565216, "papayaTF": 0.043478260869565216, "blueberryTF": 0.043478260869565216, "figTF": 0.043478260869565216, "kiwiTFIDF": 0.02684288251439175, "bananaTFIDF": 0.0, "coconutTFIDF": 0.039469131979951305, "apricotTFIDF": 0.0, "appleTFIDF": 0.051618803867893456, "limeTFIDF": 0.02684288251439175, "peachTFIDF": 0.021900035825890934, "pearTFIDF": 0.03136497152763256, "cherryTFIDF": 0.021900035825890934, "papayaTFIDF": 0.021900035825890934, "blueberryTFIDF": 0.013701135588983683, "figTFIDF": 0.03136497152763256}