{"kiwiTF": 0.5217391304347826, "bananaTF": 1.3043478260869565, "coconutTF": 0.782608695652174, "apricotTF": 0.2608695652173913, "appleTF": 1.0434782608695652, "limeTF": 0.5217391304347826, "peachTF": 0.2608695652173913, "pearTF": 0.2608695652173913, "cherryTF": 0.2608695652173913, "papayaTF": 0.2608695652173913, "blueberryTF": 0.2608695652173913, "figTF": 0.2608695652173913, "Total WordsTF": 1.0}