{"figTF": 0.15, "limeTF": 0.1, "blueberryTF": 0.2, "orangeTF": 0.1, "cherryTF": 0.15, "kiwiTF": 0.05, "apricotTF": 0.1, "peachTF": 0.05, "bananaTF": 0.05, "coconutTF": 0.05, "figTFIDF": 0.10299974290433185, "limeTFIDF": 0.030683024607778286, "blueberryTFIDF": 0.05869443143557584, "orangeTFIDF": 0.030683024607778286, "cherryTFIDF": 0.07191774612883521, "kiwiTFIDF": 0.015706924600306905, "apricotTFIDF": 0.0, "peachTFIDF": 0.025106109579549434, "bananaTFIDF": 0.0, "coconutTFIDF": 0.015706924600306905}