{"coconutTF": 1.7142857142857142, "appleTF": 0.8571428571428571, "orangeTF": 1.7142857142857142, "cherryTF": 0.8571428571428571, "papayaTF": 0.8571428571428571, "Total WordsTF": 1.0}