{"coconutTF": 0.5714285714285714, "appleTF": 0.2857142857142857, "orangeTF": 0.5714285714285714, "cherryTF": 0.2857142857142857, "papayaTF": 0.2857142857142857, "Total WordsTF": 1.0}