{"coconutTF": 0.2857142857142857, "appleTF": 0.14285714285714285, "orangeTF": 0.2857142857142857, "cherryTF": 0.14285714285714285, "papayaTF": 0.14285714285714285}