{"coconutTF": 0.2857142857142857, "appleTF": 0.14285714285714285, "orangeTF": 0.2857142857142857, "cherryTF": 0.14285714285714285, "papayaTF": 0.14285714285714285, "coconutTFIDF": 0.08090517511417873, "appleTFIDF": 0.04298750683526894, "orangeTFIDF": 0.08090517511417873, "cherryTFIDF": 0.06871167237517675, "papayaTFIDF": 0.06871167237517675}