{"limeTF": 0.26666666666666666, "papayaTF": 0.2, "peachTF": 0.06666666666666667, "apricotTF": 0.2, "kiwiTF": 0.06666666666666667, "blueberryTF": 0.06666666666666667, "bananaTF": 0.06666666666666667, "appleTF": 0.06666666666666667, "limeTFIDF": 0.07610018897496919, "papayaTFIDF": 0.09381778195472618, "peachTFIDF": 0.033209791591500414, "apricotTFIDF": 0.0, "kiwiTFIDF": 0.020776763156666052, "blueberryTFIDF": 0.020776763156666052, "bananaTFIDF": 0.0, "appleTFIDF": 0.020776763156666052}