{"limeTF": 0.26666666666666666, "papayaTF": 0.2, "peachTF": 0.06666666666666667, "apricotTF": 0.2, "kiwiTF": 0.06666666666666667, "blueberryTF": 0.06666666666666667, "bananaTF": 0.06666666666666667, "appleTF": 0.06666666666666667}