{"bananaTF": 0.125, "orangeTF": 0.09375, "appleTF": 0.125, "limeTF": 0.03125, "blueberryTF": 0.125, "cherryTF": 0.25, "coconutTF": 0.03125, "pearTF": 0.0625, "figTF": 0.0625, "apricotTF": 0.03125, "papayaTF": 0.0625, "bananaTFIDF": 0.0, "orangeTFIDF": 0.028848671525714974, "appleTFIDF": 0.03791766827890979, "limeTFIDF": 0.009906261451112206, "blueberryTFIDF": 0.03791766827890979, "cherryTFIDF": 0.11482368519625288, "coconutTFIDF": 0.009906261451112206, "pearTFIDF": 0.04467826043805045, "figTFIDF": 0.04467826043805045, "apricotTFIDF": 0.0, "papayaTFIDF": 0.031195803999687056}