{"bananaTF": 0.125, "orangeTF": 0.09375, "appleTF": 0.125, "limeTF": 0.03125, "blueberryTF": 0.125, "cherryTF": 0.25, "coconutTF": 0.03125, "pearTF": 0.0625, "figTF": 0.0625, "apricotTF": 0.03125, "papayaTF": 0.0625, "bananaTFIDF": 0.0, "orangeTFIDF": 0.04161983534638364, "appleTFIDF": 0.054703631988055924, "limeTFIDF": 0.014291714269269087, "blueberryTFIDF": 0.054703631988055924, "cherryTFIDF": 0.1656555612092295, "coconutTFIDF": 0.014291714269269087, "pearTFIDF": 0.06445710476952095, "figTFIDF": 0.06445710476952095, "apricotTFIDF": 0.0, "papayaTFIDF": 0.045006031726892604}