{"bananaTF": 0.125, "orangeTF": 0.09375, "appleTF": 0.125, "limeTF": 0.03125, "blueberryTF": 0.125, "cherryTF": 0.25, "coconutTF": 0.03125, "pearTF": 0.0625, "figTF": 0.0625, "apricotTF": 0.03125, "papayaTF": 0.0625}