{"appleTF": 1.0909090909090908, "bananaTF": 1.0909090909090908, "papayaTF": 1.0909090909090908, "apricotTF": 1.0909090909090908, "orangeTF": 0.5454545454545454, "coconutTF": 0.5454545454545454, "cherryTF": 0.5454545454545454, "Total WordsTF": 1.0}