{"appleTF": 0.18181818181818182, "bananaTF": 0.18181818181818182, "papayaTF": 0.18181818181818182, "apricotTF": 0.18181818181818182, "orangeTF": 0.09090909090909091, "coconutTF": 0.09090909090909091, "cherryTF": 0.09090909090909091}