{"appleTF": 0.36363636363636365, "bananaTF": 0.36363636363636365, "papayaTF": 0.36363636363636365, "apricotTF": 0.36363636363636365, "orangeTF": 0.18181818181818182, "coconutTF": 0.18181818181818182, "cherryTF": 0.18181818181818182, "Total WordsTF": 1.0}