{"appleTF": 0.18181818181818182, "bananaTF": 0.18181818181818182, "papayaTF": 0.18181818181818182, "apricotTF": 0.18181818181818182, "orangeTF": 0.09090909090909091, "coconutTF": 0.09090909090909091, "cherryTF": 0.09090909090909091, "appleTFIDF": 0.053779403218765245, "bananaTFIDF": 0.0, "papayaTFIDF": 0.08596155037929651, "apricotTFIDF": 0.0, "orangeTFIDF": 0.028011406827797566, "coconutTFIDF": 0.028011406827797566, "cherryTFIDF": 0.04477372032983997}