{"appleTF": 0.0625, "figTF": 0.1875, "limeTF": 0.0625, "peachTF": 0.0625, "orangeTF": 0.125, "blueberryTF": 0.0625, "apricotTF": 0.0625, "pearTF": 0.1875, "bananaTF": 0.125, "kiwiTF": 0.0625, "appleTFIDF": 0.019516769004631694, "figTFIDF": 0.1266477267035706, "limeTFIDF": 0.019516769004631694, "peachTFIDF": 0.031195803999687056, "orangeTFIDF": 0.03791766827890979, "blueberryTFIDF": 0.019516769004631694, "apricotTFIDF": 0.0, "pearTFIDF": 0.1266477267035706, "bananaTFIDF": 0.0, "kiwiTFIDF": 0.019516769004631694}