{"blueberryTF": 0.125, "orangeTF": 0.25, "apricotTF": 0.125, "figTF": 0.0625, "bananaTF": 0.125, "peachTF": 0.0625, "limeTF": 0.0625, "coconutTF": 0.0625, "kiwiTF": 0.0625, "pearTF": 0.0625, "blueberryTFIDF": 0.03791766827890979, "orangeTFIDF": 0.07183617836098392, "apricotTFIDF": 0.0, "figTFIDF": 0.04467826043805045, "bananaTFIDF": 0.0, "peachTFIDF": 0.031195803999687056, "limeTFIDF": 0.019516769004631694, "coconutTFIDF": 0.019516769004631694, "kiwiTFIDF": 0.019516769004631694, "pearTFIDF": 0.04467826043805045}