{"blueberryTF": 0.125, "orangeTF": 0.25, "apricotTF": 0.125, "figTF": 0.0625, "bananaTF": 0.125, "peachTF": 0.0625, "limeTF": 0.0625, "coconutTF": 0.0625, "kiwiTF": 0.0625, "pearTF": 0.0625, "blueberryTFIDF": 0.054703631988055924, "orangeTFIDF": 0.10363769827780657, "apricotTFIDF": 0.0, "figTFIDF": 0.06445710476952095, "bananaTFIDF": 0.0, "peachTFIDF": 0.045006031726892604, "limeTFIDF": 0.02815674585715757, "coconutTFIDF": 0.02815674585715757, "kiwiTFIDF": 0.02815674585715757, "pearTFIDF": 0.06445710476952095}