{"bananaTF": 0.25, "apricotTF": 0.25, "kiwiTF": 0.25, "blueberryTF": 0.25, "bananaTFIDF": 0.0, "apricotTFIDF": 0.0, "kiwiTFIDF": 0.07183617836098392, "blueberryTFIDF": 0.07183617836098392}