{"appleTF": 0.16216216216216217, "apricotTF": 0.16216216216216217, "peachTF": 0.10810810810810811, "coconutTF": 0.05405405405405406, "pearTF": 0.13513513513513514, "limeTF": 0.05405405405405406, "orangeTF": 0.05405405405405406, "bananaTF": 0.10810810810810811, "papayaTF": 0.05405405405405406, "cherryTF": 0.08108108108108109, "kiwiTF": 0.02702702702702703}