{"appleTF": 0.16216216216216217, "apricotTF": 0.16216216216216217, "peachTF": 0.10810810810810811, "coconutTF": 0.05405405405405406, "pearTF": 0.13513513513513514, "limeTF": 0.05405405405405406, "orangeTF": 0.05405405405405406, "bananaTF": 0.10810810810810811, "papayaTF": 0.05405405405405406, "cherryTF": 0.08108108108108109, "kiwiTF": 0.02702702702702703, "appleTFIDF": 0.04838006332314917, "apricotTFIDF": 0.0, "peachTFIDF": 0.0528230737588519, "coconutTFIDF": 0.01694749682871991, "pearTFIDF": 0.09341164605793169, "limeTFIDF": 0.01694749682871991, "orangeTFIDF": 0.01694749682871991, "bananaTFIDF": 0.0, "papayaTFIDF": 0.027089052969197724, "cherryTFIDF": 0.04011691775276843, "kiwiTFIDF": 0.00858525797714564}