{"appleTF": 0.972972972972973, "apricotTF": 0.972972972972973, "peachTF": 0.6486486486486487, "coconutTF": 0.32432432432432434, "pearTF": 0.8108108108108109, "limeTF": 0.32432432432432434, "orangeTF": 0.32432432432432434, "bananaTF": 0.6486486486486487, "papayaTF": 0.32432432432432434, "cherryTF": 0.4864864864864865, "kiwiTF": 0.16216216216216217, "Total WordsTF": 1.0}