{"appleTF": 0.16216216216216217, "apricotTF": 0.16216216216216217, "peachTF": 0.10810810810810811, "coconutTF": 0.05405405405405406, "pearTF": 0.13513513513513514, "limeTF": 0.05405405405405406, "orangeTF": 0.05405405405405406, "bananaTF": 0.10810810810810811, "papayaTF": 0.05405405405405406, "cherryTF": 0.08108108108108109, "kiwiTF": 0.02702702702702703, "appleTFIDF": 0.06979767743420133, "apricotTFIDF": 0.0, "peachTFIDF": 0.07620758655640758, "coconutTFIDF": 0.02445006963027565, "pearTFIDF": 0.13476451852905313, "limeTFIDF": 0.02445006963027565, "orangeTFIDF": 0.02445006963027565, "bananaTFIDF": 0.0, "papayaTFIDF": 0.03908124238104001, "cherryTFIDF": 0.05787647829766945, "kiwiTFIDF": 0.012385909108380427}