{"appleTF": 0.32432432432432434, "apricotTF": 0.32432432432432434, "peachTF": 0.21621621621621623, "coconutTF": 0.10810810810810811, "pearTF": 0.2702702702702703, "limeTF": 0.10810810810810811, "orangeTF": 0.10810810810810811, "bananaTF": 0.21621621621621623, "papayaTF": 0.10810810810810811, "cherryTF": 0.16216216216216217, "kiwiTF": 0.05405405405405406, "Total WordsTF": 1.0}